,n_estimators,max_depth,learning_rate,min_child_weight,gamma,accuracy,precision
0,25,10.0,0.01,1,0,0.5122549019607843,0.6136363636363636
1,25,10.0,0.01,1,1,0.4877450980392157,0.6136363636363636
2,25,10.0,0.01,1,2,0.4803921568627451,0.6136363636363636
3,25,10.0,0.01,1,3,0.4791666666666667,0.6136363636363636
4,25,10.0,0.01,2,0,0.49142156862745096,0.6136363636363636
5,25,10.0,0.01,2,1,0.4742647058823529,0.6136363636363636
6,25,10.0,0.01,2,2,0.4693627450980392,0.6136363636363636
7,25,10.0,0.01,2,3,0.47058823529411764,0.6136363636363636
8,25,10.0,0.01,3,0,0.48161764705882354,0.6136363636363636
9,25,10.0,0.01,3,1,0.48161764705882354,0.6136363636363636
10,25,10.0,0.01,3,2,0.4730392156862745,0.6136363636363636
11,25,10.0,0.01,3,3,0.4693627450980392,0.6136363636363636
12,25,10.0,0.01,4,0,0.4987745098039216,0.6136363636363636
13,25,10.0,0.01,4,1,0.4963235294117647,0.6136363636363636
14,25,10.0,0.01,4,2,0.5049019607843137,0.6136363636363636
15,25,10.0,0.01,4,3,0.4987745098039216,0.6136363636363636
16,25,10.0,0.1,1,0,0.49142156862745096,0.6136363636363636
17,25,10.0,0.1,1,1,0.48284313725490197,0.6136363636363636
18,25,10.0,0.1,1,2,0.5073529411764706,0.6136363636363636
19,25,10.0,0.1,1,3,0.4791666666666667,0.6136363636363636
20,25,10.0,0.1,2,0,0.4730392156862745,0.6136363636363636
21,25,10.0,0.1,2,1,0.4693627450980392,0.6136363636363636
22,25,10.0,0.1,2,2,0.48161764705882354,0.6136363636363636
23,25,10.0,0.1,2,3,0.49387254901960786,0.6136363636363636
24,25,10.0,0.1,3,0,0.4791666666666667,0.6136363636363636
25,25,10.0,0.1,3,1,0.4803921568627451,0.6136363636363636
26,25,10.0,0.1,3,2,0.47549019607843135,0.6136363636363636
27,25,10.0,0.1,3,3,0.4840686274509804,0.6136363636363636
28,25,10.0,0.1,4,0,0.49387254901960786,0.6136363636363636
29,25,10.0,0.1,4,1,0.4840686274509804,0.6136363636363636
30,25,10.0,0.1,4,2,0.49019607843137253,0.6136363636363636
31,25,10.0,0.1,4,3,0.4852941176470588,0.6136363636363636
32,25,10.0,0.2,1,0,0.4803921568627451,0.6136363636363636
33,25,10.0,0.2,1,1,0.48284313725490197,0.6136363636363636
34,25,10.0,0.2,1,2,0.4889705882352941,0.6136363636363636
35,25,10.0,0.2,1,3,0.49387254901960786,0.6136363636363636
36,25,10.0,0.2,2,0,0.4963235294117647,0.6136363636363636
37,25,10.0,0.2,2,1,0.49019607843137253,0.6136363636363636
38,25,10.0,0.2,2,2,0.47671568627450983,0.6136363636363636
39,25,10.0,0.2,2,3,0.4950980392156863,0.6136363636363636
40,25,10.0,0.2,3,0,0.48284313725490197,0.6136363636363636
41,25,10.0,0.2,3,1,0.4852941176470588,0.6136363636363636
42,25,10.0,0.2,3,2,0.4644607843137255,0.6136363636363636
43,25,10.0,0.2,3,3,0.4950980392156863,0.6136363636363636
44,25,10.0,0.2,4,0,0.48651960784313725,0.6136363636363636
45,25,10.0,0.2,4,1,0.47671568627450983,0.6136363636363636
46,25,10.0,0.2,4,2,0.5024509803921569,0.6136363636363636
47,25,10.0,0.2,4,3,0.48284313725490197,0.6136363636363636
48,25,10.0,0.3,1,0,0.4742647058823529,0.6136363636363636
49,25,10.0,0.3,1,1,0.4742647058823529,0.6136363636363636
50,25,10.0,0.3,1,2,0.4840686274509804,0.6136363636363636
51,25,10.0,0.3,1,3,0.4803921568627451,0.6136363636363636
52,25,10.0,0.3,2,0,0.47794117647058826,0.6136363636363636
53,25,10.0,0.3,2,1,0.49142156862745096,0.6136363636363636
54,25,10.0,0.3,2,2,0.48284313725490197,0.6136363636363636
55,25,10.0,0.3,2,3,0.49019607843137253,0.6136363636363636
56,25,10.0,0.3,3,0,0.4852941176470588,0.6136363636363636
57,25,10.0,0.3,3,1,0.4877450980392157,0.6136363636363636
58,25,10.0,0.3,3,2,0.4803921568627451,0.6136363636363636
59,25,10.0,0.3,3,3,0.47671568627450983,0.6136363636363636
60,25,10.0,0.3,4,0,0.5,0.6136363636363636
61,25,10.0,0.3,4,1,0.4803921568627451,0.6136363636363636
62,25,10.0,0.3,4,2,0.4852941176470588,0.6136363636363636
63,25,10.0,0.3,4,3,0.48651960784313725,0.6136363636363636
64,25,15.0,0.01,1,0,0.5036764705882353,0.6136363636363636
65,25,15.0,0.01,1,1,0.5110294117647058,0.6136363636363636
66,25,15.0,0.01,1,2,0.5024509803921569,0.6136363636363636
67,25,15.0,0.01,1,3,0.4877450980392157,0.6136363636363636
68,25,15.0,0.01,2,0,0.5147058823529411,0.6136363636363636
69,25,15.0,0.01,2,1,0.5049019607843137,0.6136363636363636
70,25,15.0,0.01,2,2,0.47794117647058826,0.6136363636363636
71,25,15.0,0.01,2,3,0.4852941176470588,0.6136363636363636
72,25,15.0,0.01,3,0,0.4889705882352941,0.6136363636363636
73,25,15.0,0.01,3,1,0.4889705882352941,0.6136363636363636
74,25,15.0,0.01,3,2,0.4852941176470588,0.6136363636363636
75,25,15.0,0.01,3,3,0.47671568627450983,0.6136363636363636
76,25,15.0,0.01,4,0,0.4987745098039216,0.6136363636363636
77,25,15.0,0.01,4,1,0.49754901960784315,0.6136363636363636
78,25,15.0,0.01,4,2,0.5012254901960784,0.6136363636363636
79,25,15.0,0.01,4,3,0.5,0.6136363636363636
80,25,15.0,0.1,1,0,0.4963235294117647,0.6136363636363636
81,25,15.0,0.1,1,1,0.4889705882352941,0.6136363636363636
82,25,15.0,0.1,1,2,0.48651960784313725,0.6136363636363636
83,25,15.0,0.1,1,3,0.4877450980392157,0.6136363636363636
84,25,15.0,0.1,2,0,0.48284313725490197,0.6136363636363636
85,25,15.0,0.1,2,1,0.4963235294117647,0.6136363636363636
86,25,15.0,0.1,2,2,0.5012254901960784,0.6136363636363636
87,25,15.0,0.1,2,3,0.5122549019607843,0.6136363636363636
88,25,15.0,0.1,3,0,0.48161764705882354,0.6136363636363636
89,25,15.0,0.1,3,1,0.48161764705882354,0.6136363636363636
90,25,15.0,0.1,3,2,0.48651960784313725,0.6136363636363636
91,25,15.0,0.1,3,3,0.4889705882352941,0.6136363636363636
92,25,15.0,0.1,4,0,0.49387254901960786,0.6136363636363636
93,25,15.0,0.1,4,1,0.49264705882352944,0.6136363636363636
94,25,15.0,0.1,4,2,0.49142156862745096,0.6136363636363636
95,25,15.0,0.1,4,3,0.47181372549019607,0.6136363636363636
96,25,15.0,0.2,1,0,0.48651960784313725,0.6136363636363636
97,25,15.0,0.2,1,1,0.49142156862745096,0.6136363636363636
98,25,15.0,0.2,1,2,0.4840686274509804,0.6136363636363636
99,25,15.0,0.2,1,3,0.4840686274509804,0.6136363636363636
100,25,15.0,0.2,2,0,0.49754901960784315,0.6136363636363636
101,25,15.0,0.2,2,1,0.48651960784313725,0.6136363636363636
102,25,15.0,0.2,2,2,0.49019607843137253,0.6136363636363636
103,25,15.0,0.2,2,3,0.49264705882352944,0.6136363636363636
104,25,15.0,0.2,3,0,0.49019607843137253,0.6136363636363636
105,25,15.0,0.2,3,1,0.4950980392156863,0.6136363636363636
106,25,15.0,0.2,3,2,0.47794117647058826,0.6136363636363636
107,25,15.0,0.2,3,3,0.4840686274509804,0.6136363636363636
108,25,15.0,0.2,4,0,0.49387254901960786,0.6136363636363636
109,25,15.0,0.2,4,1,0.4877450980392157,0.6136363636363636
110,25,15.0,0.2,4,2,0.49754901960784315,0.6136363636363636
111,25,15.0,0.2,4,3,0.4803921568627451,0.6136363636363636
112,25,15.0,0.3,1,0,0.49754901960784315,0.6136363636363636
113,25,15.0,0.3,1,1,0.4877450980392157,0.6136363636363636
114,25,15.0,0.3,1,2,0.48161764705882354,0.6136363636363636
115,25,15.0,0.3,1,3,0.47671568627450983,0.6136363636363636
116,25,15.0,0.3,2,0,0.49264705882352944,0.6136363636363636
117,25,15.0,0.3,2,1,0.5036764705882353,0.6136363636363636
118,25,15.0,0.3,2,2,0.4803921568627451,0.6136363636363636
119,25,15.0,0.3,2,3,0.47671568627450983,0.6136363636363636
120,25,15.0,0.3,3,0,0.49264705882352944,0.6136363636363636
121,25,15.0,0.3,3,1,0.49264705882352944,0.6136363636363636
122,25,15.0,0.3,3,2,0.49387254901960786,0.6136363636363636
123,25,15.0,0.3,3,3,0.5036764705882353,0.6136363636363636
124,25,15.0,0.3,4,0,0.49019607843137253,0.6136363636363636
125,25,15.0,0.3,4,1,0.4791666666666667,0.6136363636363636
126,25,15.0,0.3,4,2,0.4877450980392157,0.6136363636363636
127,25,15.0,0.3,4,3,0.47671568627450983,0.6136363636363636
128,25,20.0,0.01,1,0,0.5,0.6136363636363636
129,25,20.0,0.01,1,1,0.5098039215686274,0.6136363636363636
130,25,20.0,0.01,1,2,0.4963235294117647,0.6136363636363636
131,25,20.0,0.01,1,3,0.48161764705882354,0.6136363636363636
132,25,20.0,0.01,2,0,0.5098039215686274,0.6136363636363636
133,25,20.0,0.01,2,1,0.5073529411764706,0.6136363636363636
134,25,20.0,0.01,2,2,0.4852941176470588,0.6136363636363636
135,25,20.0,0.01,2,3,0.48161764705882354,0.6136363636363636
136,25,20.0,0.01,3,0,0.4877450980392157,0.6136363636363636
137,25,20.0,0.01,3,1,0.49142156862745096,0.6136363636363636
138,25,20.0,0.01,3,2,0.4877450980392157,0.6136363636363636
139,25,20.0,0.01,3,3,0.47671568627450983,0.6136363636363636
140,25,20.0,0.01,4,0,0.5,0.6136363636363636
141,25,20.0,0.01,4,1,0.5012254901960784,0.6136363636363636
142,25,20.0,0.01,4,2,0.5012254901960784,0.6136363636363636
143,25,20.0,0.01,4,3,0.5,0.6136363636363636
144,25,20.0,0.1,1,0,0.4889705882352941,0.6136363636363636
145,25,20.0,0.1,1,1,0.5073529411764706,0.6136363636363636
146,25,20.0,0.1,1,2,0.4803921568627451,0.6136363636363636
147,25,20.0,0.1,1,3,0.48284313725490197,0.6136363636363636
148,25,20.0,0.1,2,0,0.48651960784313725,0.6136363636363636
149,25,20.0,0.1,2,1,0.47671568627450983,0.6136363636363636
150,25,20.0,0.1,2,2,0.4889705882352941,0.6136363636363636
151,25,20.0,0.1,2,3,0.48284313725490197,0.6136363636363636
152,25,20.0,0.1,3,0,0.49019607843137253,0.6136363636363636
153,25,20.0,0.1,3,1,0.5,0.6136363636363636
154,25,20.0,0.1,3,2,0.48284313725490197,0.6136363636363636
155,25,20.0,0.1,3,3,0.4840686274509804,0.6136363636363636
156,25,20.0,0.1,4,0,0.48651960784313725,0.6136363636363636
157,25,20.0,0.1,4,1,0.49142156862745096,0.6136363636363636
158,25,20.0,0.1,4,2,0.4889705882352941,0.6136363636363636
159,25,20.0,0.1,4,3,0.4791666666666667,0.6136363636363636
160,25,20.0,0.2,1,0,0.47671568627450983,0.6136363636363636
161,25,20.0,0.2,1,1,0.4852941176470588,0.6136363636363636
162,25,20.0,0.2,1,2,0.48284313725490197,0.6136363636363636
163,25,20.0,0.2,1,3,0.4852941176470588,0.6136363636363636
164,25,20.0,0.2,2,0,0.4877450980392157,0.6136363636363636
165,25,20.0,0.2,2,1,0.49264705882352944,0.6136363636363636
166,25,20.0,0.2,2,2,0.4840686274509804,0.6136363636363636
167,25,20.0,0.2,2,3,0.47549019607843135,0.6136363636363636
168,25,20.0,0.2,3,0,0.4987745098039216,0.6136363636363636
169,25,20.0,0.2,3,1,0.4987745098039216,0.6136363636363636
170,25,20.0,0.2,3,2,0.4963235294117647,0.6136363636363636
171,25,20.0,0.2,3,3,0.4877450980392157,0.6136363636363636
172,25,20.0,0.2,4,0,0.48284313725490197,0.6136363636363636
173,25,20.0,0.2,4,1,0.48161764705882354,0.6136363636363636
174,25,20.0,0.2,4,2,0.49142156862745096,0.6136363636363636
175,25,20.0,0.2,4,3,0.5,0.6136363636363636
176,25,20.0,0.3,1,0,0.49019607843137253,0.6136363636363636
177,25,20.0,0.3,1,1,0.49142156862745096,0.6136363636363636
178,25,20.0,0.3,1,2,0.48161764705882354,0.6136363636363636
179,25,20.0,0.3,1,3,0.47671568627450983,0.6136363636363636
180,25,20.0,0.3,2,0,0.4950980392156863,0.6136363636363636
181,25,20.0,0.3,2,1,0.4963235294117647,0.6136363636363636
182,25,20.0,0.3,2,2,0.5183823529411765,0.6136363636363636
183,25,20.0,0.3,2,3,0.47794117647058826,0.6136363636363636
184,25,20.0,0.3,3,0,0.4803921568627451,0.6136363636363636
185,25,20.0,0.3,3,1,0.4791666666666667,0.6136363636363636
186,25,20.0,0.3,3,2,0.48651960784313725,0.6136363636363636
187,25,20.0,0.3,3,3,0.4852941176470588,0.6136363636363636
188,25,20.0,0.3,4,0,0.4950980392156863,0.6136363636363636
189,25,20.0,0.3,4,1,0.48284313725490197,0.6136363636363636
190,25,20.0,0.3,4,2,0.48284313725490197,0.6136363636363636
191,25,20.0,0.3,4,3,0.49019607843137253,0.6136363636363636
192,25,,0.01,1,0,0.47671568627450983,0.6136363636363636
193,25,,0.01,1,1,0.4803921568627451,0.6136363636363636
194,25,,0.01,1,2,0.46568627450980393,0.6136363636363636
195,25,,0.01,1,3,0.46691176470588236,0.6136363636363636
196,25,,0.01,2,0,0.47181372549019607,0.6136363636363636
197,25,,0.01,2,1,0.47058823529411764,0.6136363636363636
198,25,,0.01,2,2,0.4742647058823529,0.6136363636363636
199,25,,0.01,2,3,0.48161764705882354,0.6136363636363636
200,25,,0.01,3,0,0.4571078431372549,0.6136363636363636
201,25,,0.01,3,1,0.4742647058823529,0.6136363636363636
202,25,,0.01,3,2,0.4791666666666667,0.6136363636363636
203,25,,0.01,3,3,0.47181372549019607,0.6136363636363636
204,25,,0.01,4,0,0.5073529411764706,0.6136363636363636
205,25,,0.01,4,1,0.4877450980392157,0.6136363636363636
206,25,,0.01,4,2,0.4889705882352941,0.6136363636363636
207,25,,0.01,4,3,0.4950980392156863,0.6136363636363636
208,25,,0.1,1,0,0.49264705882352944,0.6136363636363636
209,25,,0.1,1,1,0.49019607843137253,0.6136363636363636
210,25,,0.1,1,2,0.49387254901960786,0.6136363636363636
211,25,,0.1,1,3,0.4950980392156863,0.6136363636363636
212,25,,0.1,2,0,0.47671568627450983,0.6136363636363636
213,25,,0.1,2,1,0.47794117647058826,0.6136363636363636
214,25,,0.1,2,2,0.49019607843137253,0.6136363636363636
215,25,,0.1,2,3,0.48284313725490197,0.6136363636363636
216,25,,0.1,3,0,0.4877450980392157,0.6136363636363636
217,25,,0.1,3,1,0.4889705882352941,0.6136363636363636
218,25,,0.1,3,2,0.4852941176470588,0.6136363636363636
219,25,,0.1,3,3,0.4889705882352941,0.6136363636363636
220,25,,0.1,4,0,0.49142156862745096,0.6136363636363636
221,25,,0.1,4,1,0.49142156862745096,0.6136363636363636
222,25,,0.1,4,2,0.48284313725490197,0.6136363636363636
223,25,,0.1,4,3,0.4852941176470588,0.6136363636363636
224,25,,0.2,1,0,0.4877450980392157,0.6136363636363636
225,25,,0.2,1,1,0.49142156862745096,0.6136363636363636
226,25,,0.2,1,2,0.47794117647058826,0.6136363636363636
227,25,,0.2,1,3,0.4632352941176471,0.6136363636363636
228,25,,0.2,2,0,0.49142156862745096,0.6136363636363636
229,25,,0.2,2,1,0.49142156862745096,0.6136363636363636
230,25,,0.2,2,2,0.48651960784313725,0.6136363636363636
231,25,,0.2,2,3,0.48651960784313725,0.6136363636363636
232,25,,0.2,3,0,0.4693627450980392,0.6136363636363636
233,25,,0.2,3,1,0.49019607843137253,0.6136363636363636
234,25,,0.2,3,2,0.4840686274509804,0.6136363636363636
235,25,,0.2,3,3,0.49754901960784315,0.6136363636363636
236,25,,0.2,4,0,0.48651960784313725,0.6136363636363636
237,25,,0.2,4,1,0.48161764705882354,0.6136363636363636
238,25,,0.2,4,2,0.4742647058823529,0.6136363636363636
239,25,,0.2,4,3,0.4840686274509804,0.6136363636363636
240,25,,0.3,1,0,0.4889705882352941,0.6136363636363636
241,25,,0.3,1,1,0.48161764705882354,0.6136363636363636
242,25,,0.3,1,2,0.49387254901960786,0.6136363636363636
243,25,,0.3,1,3,0.4840686274509804,0.6136363636363636
244,25,,0.3,2,0,0.4963235294117647,0.6136363636363636
245,25,,0.3,2,1,0.48284313725490197,0.6136363636363636
246,25,,0.3,2,2,0.4730392156862745,0.6136363636363636
247,25,,0.3,2,3,0.48284313725490197,0.6136363636363636
248,25,,0.3,3,0,0.47794117647058826,0.6136363636363636
249,25,,0.3,3,1,0.46200980392156865,0.6136363636363636
250,25,,0.3,3,2,0.4803921568627451,0.6136363636363636
251,25,,0.3,3,3,0.4852941176470588,0.6136363636363636
252,25,,0.3,4,0,0.4963235294117647,0.6136363636363636
253,25,,0.3,4,1,0.4877450980392157,0.6136363636363636
254,25,,0.3,4,2,0.48161764705882354,0.6136363636363636
255,25,,0.3,4,3,0.4791666666666667,0.6136363636363636
256,50,10.0,0.01,1,0,0.508578431372549,0.6136363636363636
257,50,10.0,0.01,1,1,0.4840686274509804,0.6136363636363636
258,50,10.0,0.01,1,2,0.4950980392156863,0.6136363636363636
259,50,10.0,0.01,1,3,0.5036764705882353,0.6136363636363636
260,50,10.0,0.01,2,0,0.48651960784313725,0.6136363636363636
261,50,10.0,0.01,2,1,0.4852941176470588,0.6136363636363636
262,50,10.0,0.01,2,2,0.48651960784313725,0.6136363636363636
263,50,10.0,0.01,2,3,0.4840686274509804,0.6136363636363636
264,50,10.0,0.01,3,0,0.49264705882352944,0.6136363636363636
265,50,10.0,0.01,3,1,0.4950980392156863,0.6136363636363636
266,50,10.0,0.01,3,2,0.48651960784313725,0.6136363636363636
267,50,10.0,0.01,3,3,0.49142156862745096,0.6136363636363636
268,50,10.0,0.01,4,0,0.48651960784313725,0.6136363636363636
269,50,10.0,0.01,4,1,0.5036764705882353,0.6136363636363636
270,50,10.0,0.01,4,2,0.508578431372549,0.6136363636363636
271,50,10.0,0.01,4,3,0.5,0.6136363636363636
272,50,10.0,0.1,1,0,0.4840686274509804,0.6136363636363636
273,50,10.0,0.1,1,1,0.4889705882352941,0.6136363636363636
274,50,10.0,0.1,1,2,0.49019607843137253,0.6136363636363636
275,50,10.0,0.1,1,3,0.48284313725490197,0.6136363636363636
276,50,10.0,0.1,2,0,0.4840686274509804,0.6136363636363636
277,50,10.0,0.1,2,1,0.47549019607843135,0.6136363636363636
278,50,10.0,0.1,2,2,0.48161764705882354,0.6136363636363636
279,50,10.0,0.1,2,3,0.49142156862745096,0.6136363636363636
280,50,10.0,0.1,3,0,0.48161764705882354,0.6136363636363636
281,50,10.0,0.1,3,1,0.49142156862745096,0.6136363636363636
282,50,10.0,0.1,3,2,0.4681372549019608,0.6136363636363636
283,50,10.0,0.1,3,3,0.47671568627450983,0.6136363636363636
284,50,10.0,0.1,4,0,0.48284313725490197,0.6136363636363636
285,50,10.0,0.1,4,1,0.4730392156862745,0.6136363636363636
286,50,10.0,0.1,4,2,0.48284313725490197,0.6136363636363636
287,50,10.0,0.1,4,3,0.47549019607843135,0.6136363636363636
288,50,10.0,0.2,1,0,0.49019607843137253,0.6136363636363636
289,50,10.0,0.2,1,1,0.4852941176470588,0.6136363636363636
290,50,10.0,0.2,1,2,0.4840686274509804,0.6136363636363636
291,50,10.0,0.2,1,3,0.49387254901960786,0.6136363636363636
292,50,10.0,0.2,2,0,0.49142156862745096,0.6136363636363636
293,50,10.0,0.2,2,1,0.4950980392156863,0.6136363636363636
294,50,10.0,0.2,2,2,0.4852941176470588,0.6136363636363636
295,50,10.0,0.2,2,3,0.4950980392156863,0.6136363636363636
296,50,10.0,0.2,3,0,0.4877450980392157,0.6136363636363636
297,50,10.0,0.2,3,1,0.4889705882352941,0.6136363636363636
298,50,10.0,0.2,3,2,0.47671568627450983,0.6136363636363636
299,50,10.0,0.2,3,3,0.49387254901960786,0.6136363636363636
300,50,10.0,0.2,4,0,0.49019607843137253,0.6136363636363636
301,50,10.0,0.2,4,1,0.47181372549019607,0.6136363636363636
302,50,10.0,0.2,4,2,0.49142156862745096,0.6136363636363636
303,50,10.0,0.2,4,3,0.48284313725490197,0.6136363636363636
304,50,10.0,0.3,1,0,0.48284313725490197,0.6136363636363636
305,50,10.0,0.3,1,1,0.49264705882352944,0.6136363636363636
306,50,10.0,0.3,1,2,0.4840686274509804,0.6136363636363636
307,50,10.0,0.3,1,3,0.4803921568627451,0.6136363636363636
308,50,10.0,0.3,2,0,0.5134803921568627,0.6136363636363636
309,50,10.0,0.3,2,1,0.5,0.6136363636363636
310,50,10.0,0.3,2,2,0.48284313725490197,0.6136363636363636
311,50,10.0,0.3,2,3,0.49019607843137253,0.6136363636363636
312,50,10.0,0.3,3,0,0.48651960784313725,0.6136363636363636
313,50,10.0,0.3,3,1,0.4889705882352941,0.6136363636363636
314,50,10.0,0.3,3,2,0.49264705882352944,0.6136363636363636
315,50,10.0,0.3,3,3,0.47671568627450983,0.6136363636363636
316,50,10.0,0.3,4,0,0.4852941176470588,0.6136363636363636
317,50,10.0,0.3,4,1,0.48284313725490197,0.6136363636363636
318,50,10.0,0.3,4,2,0.4840686274509804,0.6136363636363636
319,50,10.0,0.3,4,3,0.48651960784313725,0.6136363636363636
320,50,15.0,0.01,1,0,0.5122549019607843,0.6136363636363636
321,50,15.0,0.01,1,1,0.5171568627450981,0.6136363636363636
322,50,15.0,0.01,1,2,0.4950980392156863,0.6136363636363636
323,50,15.0,0.01,1,3,0.4877450980392157,0.6136363636363636
324,50,15.0,0.01,2,0,0.49754901960784315,0.6136363636363636
325,50,15.0,0.01,2,1,0.4840686274509804,0.6136363636363636
326,50,15.0,0.01,2,2,0.5024509803921569,0.6136363636363636
327,50,15.0,0.01,2,3,0.49754901960784315,0.6136363636363636
328,50,15.0,0.01,3,0,0.508578431372549,0.6136363636363636
329,50,15.0,0.01,3,1,0.49142156862745096,0.6136363636363636
330,50,15.0,0.01,3,2,0.5061274509803921,0.6136363636363636
331,50,15.0,0.01,3,3,0.47794117647058826,0.6136363636363636
332,50,15.0,0.01,4,0,0.4987745098039216,0.6136363636363636
333,50,15.0,0.01,4,1,0.5036764705882353,0.6136363636363636
334,50,15.0,0.01,4,2,0.5012254901960784,0.6136363636363636
335,50,15.0,0.01,4,3,0.49019607843137253,0.6136363636363636
336,50,15.0,0.1,1,0,0.4950980392156863,0.6136363636363636
337,50,15.0,0.1,1,1,0.49019607843137253,0.6136363636363636
338,50,15.0,0.1,1,2,0.4791666666666667,0.6136363636363636
339,50,15.0,0.1,1,3,0.4791666666666667,0.6136363636363636
340,50,15.0,0.1,2,0,0.4987745098039216,0.6136363636363636
341,50,15.0,0.1,2,1,0.49142156862745096,0.6136363636363636
342,50,15.0,0.1,2,2,0.4852941176470588,0.6136363636363636
343,50,15.0,0.1,2,3,0.5098039215686274,0.6136363636363636
344,50,15.0,0.1,3,0,0.4889705882352941,0.6136363636363636
345,50,15.0,0.1,3,1,0.47671568627450983,0.6136363636363636
346,50,15.0,0.1,3,2,0.4889705882352941,0.6136363636363636
347,50,15.0,0.1,3,3,0.48161764705882354,0.6136363636363636
348,50,15.0,0.1,4,0,0.47181372549019607,0.6136363636363636
349,50,15.0,0.1,4,1,0.49019607843137253,0.6136363636363636
350,50,15.0,0.1,4,2,0.4889705882352941,0.6136363636363636
351,50,15.0,0.1,4,3,0.4840686274509804,0.6136363636363636
352,50,15.0,0.2,1,0,0.4877450980392157,0.6136363636363636
353,50,15.0,0.2,1,1,0.48651960784313725,0.6136363636363636
354,50,15.0,0.2,1,2,0.4840686274509804,0.6136363636363636
355,50,15.0,0.2,1,3,0.4877450980392157,0.6136363636363636
356,50,15.0,0.2,2,0,0.4877450980392157,0.6136363636363636
357,50,15.0,0.2,2,1,0.4950980392156863,0.6136363636363636
358,50,15.0,0.2,2,2,0.4803921568627451,0.6136363636363636
359,50,15.0,0.2,2,3,0.49264705882352944,0.6136363636363636
360,50,15.0,0.2,3,0,0.4877450980392157,0.6136363636363636
361,50,15.0,0.2,3,1,0.4963235294117647,0.6136363636363636
362,50,15.0,0.2,3,2,0.4840686274509804,0.6136363636363636
363,50,15.0,0.2,3,3,0.4877450980392157,0.6136363636363636
364,50,15.0,0.2,4,0,0.49142156862745096,0.6136363636363636
365,50,15.0,0.2,4,1,0.49264705882352944,0.6136363636363636
366,50,15.0,0.2,4,2,0.49142156862745096,0.6136363636363636
367,50,15.0,0.2,4,3,0.4803921568627451,0.6136363636363636
368,50,15.0,0.3,1,0,0.4987745098039216,0.6136363636363636
369,50,15.0,0.3,1,1,0.4877450980392157,0.6136363636363636
370,50,15.0,0.3,1,2,0.48161764705882354,0.6136363636363636
371,50,15.0,0.3,1,3,0.47671568627450983,0.6136363636363636
372,50,15.0,0.3,2,0,0.4840686274509804,0.6136363636363636
373,50,15.0,0.3,2,1,0.5036764705882353,0.6136363636363636
374,50,15.0,0.3,2,2,0.48284313725490197,0.6136363636363636
375,50,15.0,0.3,2,3,0.47671568627450983,0.6136363636363636
376,50,15.0,0.3,3,0,0.48284313725490197,0.6136363636363636
377,50,15.0,0.3,3,1,0.49264705882352944,0.6136363636363636
378,50,15.0,0.3,3,2,0.49387254901960786,0.6136363636363636
379,50,15.0,0.3,3,3,0.5036764705882353,0.6136363636363636
380,50,15.0,0.3,4,0,0.4852941176470588,0.6136363636363636
381,50,15.0,0.3,4,1,0.4791666666666667,0.6136363636363636
382,50,15.0,0.3,4,2,0.4803921568627451,0.6136363636363636
383,50,15.0,0.3,4,3,0.47671568627450983,0.6136363636363636
384,50,20.0,0.01,1,0,0.4877450980392157,0.6136363636363636
385,50,20.0,0.01,1,1,0.5134803921568627,0.6136363636363636
386,50,20.0,0.01,1,2,0.49387254901960786,0.6136363636363636
387,50,20.0,0.01,1,3,0.4852941176470588,0.6136363636363636
388,50,20.0,0.01,2,0,0.5024509803921569,0.6136363636363636
389,50,20.0,0.01,2,1,0.4889705882352941,0.6136363636363636
390,50,20.0,0.01,2,2,0.5073529411764706,0.6136363636363636
391,50,20.0,0.01,2,3,0.4987745098039216,0.6136363636363636
392,50,20.0,0.01,3,0,0.5061274509803921,0.6136363636363636
393,50,20.0,0.01,3,1,0.5049019607843137,0.6136363636363636
394,50,20.0,0.01,3,2,0.5012254901960784,0.6136363636363636
395,50,20.0,0.01,3,3,0.4950980392156863,0.6136363636363636
396,50,20.0,0.01,4,0,0.5012254901960784,0.6136363636363636
397,50,20.0,0.01,4,1,0.5012254901960784,0.6136363636363636
398,50,20.0,0.01,4,2,0.4987745098039216,0.6136363636363636
399,50,20.0,0.01,4,3,0.49754901960784315,0.6136363636363636
400,50,20.0,0.1,1,0,0.4950980392156863,0.6136363636363636
401,50,20.0,0.1,1,1,0.5012254901960784,0.6136363636363636
402,50,20.0,0.1,1,2,0.4730392156862745,0.6136363636363636
403,50,20.0,0.1,1,3,0.4840686274509804,0.6136363636363636
404,50,20.0,0.1,2,0,0.49754901960784315,0.6136363636363636
405,50,20.0,0.1,2,1,0.4840686274509804,0.6136363636363636
406,50,20.0,0.1,2,2,0.4840686274509804,0.6136363636363636
407,50,20.0,0.1,2,3,0.4803921568627451,0.6136363636363636
408,50,20.0,0.1,3,0,0.49019607843137253,0.6136363636363636
409,50,20.0,0.1,3,1,0.4889705882352941,0.6136363636363636
410,50,20.0,0.1,3,2,0.47671568627450983,0.6136363636363636
411,50,20.0,0.1,3,3,0.49019607843137253,0.6136363636363636
412,50,20.0,0.1,4,0,0.4840686274509804,0.6136363636363636
413,50,20.0,0.1,4,1,0.49019607843137253,0.6136363636363636
414,50,20.0,0.1,4,2,0.4840686274509804,0.6136363636363636
415,50,20.0,0.1,4,3,0.48161764705882354,0.6136363636363636
416,50,20.0,0.2,1,0,0.4852941176470588,0.6136363636363636
417,50,20.0,0.2,1,1,0.49754901960784315,0.6136363636363636
418,50,20.0,0.2,1,2,0.4803921568627451,0.6136363636363636
419,50,20.0,0.2,1,3,0.4852941176470588,0.6136363636363636
420,50,20.0,0.2,2,0,0.5049019607843137,0.6136363636363636
421,50,20.0,0.2,2,1,0.5024509803921569,0.6136363636363636
422,50,20.0,0.2,2,2,0.4840686274509804,0.6136363636363636
423,50,20.0,0.2,2,3,0.48284313725490197,0.6136363636363636
424,50,20.0,0.2,3,0,0.48651960784313725,0.6136363636363636
425,50,20.0,0.2,3,1,0.5024509803921569,0.6136363636363636
426,50,20.0,0.2,3,2,0.4950980392156863,0.6136363636363636
427,50,20.0,0.2,3,3,0.4889705882352941,0.6136363636363636
428,50,20.0,0.2,4,0,0.4840686274509804,0.6136363636363636
429,50,20.0,0.2,4,1,0.4632352941176471,0.6136363636363636
430,50,20.0,0.2,4,2,0.4840686274509804,0.6136363636363636
431,50,20.0,0.2,4,3,0.5,0.6136363636363636
432,50,20.0,0.3,1,0,0.5049019607843137,0.6136363636363636
433,50,20.0,0.3,1,1,0.4987745098039216,0.6136363636363636
434,50,20.0,0.3,1,2,0.48161764705882354,0.6136363636363636
435,50,20.0,0.3,1,3,0.47671568627450983,0.6136363636363636
436,50,20.0,0.3,2,0,0.4950980392156863,0.6136363636363636
437,50,20.0,0.3,2,1,0.4950980392156863,0.6136363636363636
438,50,20.0,0.3,2,2,0.5183823529411765,0.6136363636363636
439,50,20.0,0.3,2,3,0.47794117647058826,0.6136363636363636
440,50,20.0,0.3,3,0,0.4950980392156863,0.6136363636363636
441,50,20.0,0.3,3,1,0.4963235294117647,0.6136363636363636
442,50,20.0,0.3,3,2,0.48651960784313725,0.6136363636363636
443,50,20.0,0.3,3,3,0.4852941176470588,0.6136363636363636
444,50,20.0,0.3,4,0,0.48651960784313725,0.6136363636363636
445,50,20.0,0.3,4,1,0.4791666666666667,0.6136363636363636
446,50,20.0,0.3,4,2,0.48284313725490197,0.6136363636363636
447,50,20.0,0.3,4,3,0.49019607843137253,0.6136363636363636
448,50,,0.01,1,0,0.4877450980392157,0.6136363636363636
449,50,,0.01,1,1,0.4852941176470588,0.6136363636363636
450,50,,0.01,1,2,0.4791666666666667,0.6136363636363636
451,50,,0.01,1,3,0.47671568627450983,0.6136363636363636
452,50,,0.01,2,0,0.47671568627450983,0.6136363636363636
453,50,,0.01,2,1,0.48284313725490197,0.6136363636363636
454,50,,0.01,2,2,0.4889705882352941,0.6136363636363636
455,50,,0.01,2,3,0.49019607843137253,0.6136363636363636
456,50,,0.01,3,0,0.4791666666666667,0.6136363636363636
457,50,,0.01,3,1,0.48651960784313725,0.6136363636363636
458,50,,0.01,3,2,0.49387254901960786,0.6136363636363636
459,50,,0.01,3,3,0.4987745098039216,0.6136363636363636
460,50,,0.01,4,0,0.4950980392156863,0.6136363636363636
461,50,,0.01,4,1,0.49264705882352944,0.6136363636363636
462,50,,0.01,4,2,0.49019607843137253,0.6136363636363636
463,50,,0.01,4,3,0.49142156862745096,0.6136363636363636
464,50,,0.1,1,0,0.4840686274509804,0.6136363636363636
465,50,,0.1,1,1,0.4963235294117647,0.6136363636363636
466,50,,0.1,1,2,0.48284313725490197,0.6136363636363636
467,50,,0.1,1,3,0.48284313725490197,0.6136363636363636
468,50,,0.1,2,0,0.49019607843137253,0.6136363636363636
469,50,,0.1,2,1,0.48284313725490197,0.6136363636363636
470,50,,0.1,2,2,0.49142156862745096,0.6136363636363636
471,50,,0.1,2,3,0.47794117647058826,0.6136363636363636
472,50,,0.1,3,0,0.48651960784313725,0.6136363636363636
473,50,,0.1,3,1,0.49019607843137253,0.6136363636363636
474,50,,0.1,3,2,0.49264705882352944,0.6136363636363636
475,50,,0.1,3,3,0.4840686274509804,0.6136363636363636
476,50,,0.1,4,0,0.48651960784313725,0.6136363636363636
477,50,,0.1,4,1,0.4742647058823529,0.6136363636363636
478,50,,0.1,4,2,0.47549019607843135,0.6136363636363636
479,50,,0.1,4,3,0.4852941176470588,0.6136363636363636
480,50,,0.2,1,0,0.47058823529411764,0.6136363636363636
481,50,,0.2,1,1,0.4791666666666667,0.6136363636363636
482,50,,0.2,1,2,0.47549019607843135,0.6136363636363636
483,50,,0.2,1,3,0.46568627450980393,0.6136363636363636
484,50,,0.2,2,0,0.4889705882352941,0.6136363636363636
485,50,,0.2,2,1,0.4950980392156863,0.6136363636363636
486,50,,0.2,2,2,0.49264705882352944,0.6136363636363636
487,50,,0.2,2,3,0.48651960784313725,0.6136363636363636
488,50,,0.2,3,0,0.47671568627450983,0.6136363636363636
489,50,,0.2,3,1,0.4791666666666667,0.6136363636363636
490,50,,0.2,3,2,0.4852941176470588,0.6136363636363636
491,50,,0.2,3,3,0.48651960784313725,0.6136363636363636
492,50,,0.2,4,0,0.4852941176470588,0.6136363636363636
493,50,,0.2,4,1,0.4889705882352941,0.6136363636363636
494,50,,0.2,4,2,0.4791666666666667,0.6136363636363636
495,50,,0.2,4,3,0.4840686274509804,0.6136363636363636
496,50,,0.3,1,0,0.4791666666666667,0.6136363636363636
497,50,,0.3,1,1,0.5012254901960784,0.6136363636363636
498,50,,0.3,1,2,0.4840686274509804,0.6136363636363636
499,50,,0.3,1,3,0.4840686274509804,0.6136363636363636
500,50,,0.3,2,0,0.48651960784313725,0.6136363636363636
501,50,,0.3,2,1,0.4889705882352941,0.6136363636363636
502,50,,0.3,2,2,0.47058823529411764,0.6136363636363636
503,50,,0.3,2,3,0.47794117647058826,0.6136363636363636
504,50,,0.3,3,0,0.48284313725490197,0.6136363636363636
505,50,,0.3,3,1,0.4791666666666667,0.6136363636363636
506,50,,0.3,3,2,0.4803921568627451,0.6136363636363636
507,50,,0.3,3,3,0.4852941176470588,0.6136363636363636
508,50,,0.3,4,0,0.4950980392156863,0.6136363636363636
509,50,,0.3,4,1,0.4840686274509804,0.6136363636363636
510,50,,0.3,4,2,0.47058823529411764,0.6136363636363636
511,50,,0.3,4,3,0.4791666666666667,0.6136363636363636
512,100,10.0,0.01,1,0,0.49754901960784315,0.6136363636363636
513,100,10.0,0.01,1,1,0.49754901960784315,0.6136363636363636
514,100,10.0,0.01,1,2,0.4852941176470588,0.6136363636363636
515,100,10.0,0.01,1,3,0.49387254901960786,0.6136363636363636
516,100,10.0,0.01,2,0,0.4963235294117647,0.6136363636363636
517,100,10.0,0.01,2,1,0.49019607843137253,0.6136363636363636
518,100,10.0,0.01,2,2,0.49142156862745096,0.6136363636363636
519,100,10.0,0.01,2,3,0.48651960784313725,0.6136363636363636
520,100,10.0,0.01,3,0,0.4963235294117647,0.6136363636363636
521,100,10.0,0.01,3,1,0.49387254901960786,0.6136363636363636
522,100,10.0,0.01,3,2,0.48161764705882354,0.6136363636363636
523,100,10.0,0.01,3,3,0.4877450980392157,0.6136363636363636
524,100,10.0,0.01,4,0,0.49387254901960786,0.6136363636363636
525,100,10.0,0.01,4,1,0.5,0.6136363636363636
526,100,10.0,0.01,4,2,0.49142156862745096,0.6136363636363636
527,100,10.0,0.01,4,3,0.49264705882352944,0.6136363636363636
528,100,10.0,0.1,1,0,0.4852941176470588,0.6136363636363636
529,100,10.0,0.1,1,1,0.4877450980392157,0.6136363636363636
530,100,10.0,0.1,1,2,0.5024509803921569,0.6136363636363636
531,100,10.0,0.1,1,3,0.48284313725490197,0.6136363636363636
532,100,10.0,0.1,2,0,0.49019607843137253,0.6136363636363636
533,100,10.0,0.1,2,1,0.48651960784313725,0.6136363636363636
534,100,10.0,0.1,2,2,0.48161764705882354,0.6136363636363636
535,100,10.0,0.1,2,3,0.49264705882352944,0.6136363636363636
536,100,10.0,0.1,3,0,0.48284313725490197,0.6136363636363636
537,100,10.0,0.1,3,1,0.4963235294117647,0.6136363636363636
538,100,10.0,0.1,3,2,0.4730392156862745,0.6136363636363636
539,100,10.0,0.1,3,3,0.47671568627450983,0.6136363636363636
540,100,10.0,0.1,4,0,0.4840686274509804,0.6136363636363636
541,100,10.0,0.1,4,1,0.48651960784313725,0.6136363636363636
542,100,10.0,0.1,4,2,0.4852941176470588,0.6136363636363636
543,100,10.0,0.1,4,3,0.47549019607843135,0.6136363636363636
544,100,10.0,0.2,1,0,0.49264705882352944,0.6136363636363636
545,100,10.0,0.2,1,1,0.5,0.6136363636363636
546,100,10.0,0.2,1,2,0.4840686274509804,0.6136363636363636
547,100,10.0,0.2,1,3,0.49387254901960786,0.6136363636363636
548,100,10.0,0.2,2,0,0.49387254901960786,0.6136363636363636
549,100,10.0,0.2,2,1,0.4950980392156863,0.6136363636363636
550,100,10.0,0.2,2,2,0.4852941176470588,0.6136363636363636
551,100,10.0,0.2,2,3,0.4950980392156863,0.6136363636363636
552,100,10.0,0.2,3,0,0.4840686274509804,0.6136363636363636
553,100,10.0,0.2,3,1,0.48284313725490197,0.6136363636363636
554,100,10.0,0.2,3,2,0.47671568627450983,0.6136363636363636
555,100,10.0,0.2,3,3,0.49387254901960786,0.6136363636363636
556,100,10.0,0.2,4,0,0.4963235294117647,0.6136363636363636
557,100,10.0,0.2,4,1,0.49264705882352944,0.6136363636363636
558,100,10.0,0.2,4,2,0.49142156862745096,0.6136363636363636
559,100,10.0,0.2,4,3,0.48284313725490197,0.6136363636363636
560,100,10.0,0.3,1,0,0.49019607843137253,0.6136363636363636
561,100,10.0,0.3,1,1,0.49264705882352944,0.6136363636363636
562,100,10.0,0.3,1,2,0.4840686274509804,0.6136363636363636
563,100,10.0,0.3,1,3,0.4803921568627451,0.6136363636363636
564,100,10.0,0.3,2,0,0.5098039215686274,0.6136363636363636
565,100,10.0,0.3,2,1,0.5,0.6136363636363636
566,100,10.0,0.3,2,2,0.48284313725490197,0.6136363636363636
567,100,10.0,0.3,2,3,0.49019607843137253,0.6136363636363636
568,100,10.0,0.3,3,0,0.4987745098039216,0.6136363636363636
569,100,10.0,0.3,3,1,0.4889705882352941,0.6136363636363636
570,100,10.0,0.3,3,2,0.49264705882352944,0.6136363636363636
571,100,10.0,0.3,3,3,0.47671568627450983,0.6136363636363636
572,100,10.0,0.3,4,0,0.4950980392156863,0.6136363636363636
573,100,10.0,0.3,4,1,0.4963235294117647,0.6136363636363636
574,100,10.0,0.3,4,2,0.4840686274509804,0.6136363636363636
575,100,10.0,0.3,4,3,0.48651960784313725,0.6136363636363636
576,100,15.0,0.01,1,0,0.5159313725490197,0.6136363636363636
577,100,15.0,0.01,1,1,0.49387254901960786,0.6136363636363636
578,100,15.0,0.01,1,2,0.4963235294117647,0.6136363636363636
579,100,15.0,0.01,1,3,0.49019607843137253,0.6136363636363636
580,100,15.0,0.01,2,0,0.49754901960784315,0.6136363636363636
581,100,15.0,0.01,2,1,0.4963235294117647,0.6136363636363636
582,100,15.0,0.01,2,2,0.5024509803921569,0.6136363636363636
583,100,15.0,0.01,2,3,0.5036764705882353,0.6136363636363636
584,100,15.0,0.01,3,0,0.4852941176470588,0.6136363636363636
585,100,15.0,0.01,3,1,0.4987745098039216,0.6136363636363636
586,100,15.0,0.01,3,2,0.4889705882352941,0.6136363636363636
587,100,15.0,0.01,3,3,0.4889705882352941,0.6136363636363636
588,100,15.0,0.01,4,0,0.49142156862745096,0.6136363636363636
589,100,15.0,0.01,4,1,0.4803921568627451,0.6136363636363636
590,100,15.0,0.01,4,2,0.5073529411764706,0.6136363636363636
591,100,15.0,0.01,4,3,0.4963235294117647,0.6136363636363636
592,100,15.0,0.1,1,0,0.5024509803921569,0.6136363636363636
593,100,15.0,0.1,1,1,0.48161764705882354,0.6136363636363636
594,100,15.0,0.1,1,2,0.4791666666666667,0.6136363636363636
595,100,15.0,0.1,1,3,0.4791666666666667,0.6136363636363636
596,100,15.0,0.1,2,0,0.4963235294117647,0.6136363636363636
597,100,15.0,0.1,2,1,0.4950980392156863,0.6136363636363636
598,100,15.0,0.1,2,2,0.4852941176470588,0.6136363636363636
599,100,15.0,0.1,2,3,0.5098039215686274,0.6136363636363636
600,100,15.0,0.1,3,0,0.4852941176470588,0.6136363636363636
601,100,15.0,0.1,3,1,0.47794117647058826,0.6136363636363636
602,100,15.0,0.1,3,2,0.49264705882352944,0.6136363636363636
603,100,15.0,0.1,3,3,0.48161764705882354,0.6136363636363636
604,100,15.0,0.1,4,0,0.47549019607843135,0.6136363636363636
605,100,15.0,0.1,4,1,0.48161764705882354,0.6136363636363636
606,100,15.0,0.1,4,2,0.48651960784313725,0.6136363636363636
607,100,15.0,0.1,4,3,0.4840686274509804,0.6136363636363636
608,100,15.0,0.2,1,0,0.49264705882352944,0.6136363636363636
609,100,15.0,0.2,1,1,0.48651960784313725,0.6136363636363636
610,100,15.0,0.2,1,2,0.4840686274509804,0.6136363636363636
611,100,15.0,0.2,1,3,0.4877450980392157,0.6136363636363636
612,100,15.0,0.2,2,0,0.49387254901960786,0.6136363636363636
613,100,15.0,0.2,2,1,0.5049019607843137,0.6136363636363636
614,100,15.0,0.2,2,2,0.4803921568627451,0.6136363636363636
615,100,15.0,0.2,2,3,0.49264705882352944,0.6136363636363636
616,100,15.0,0.2,3,0,0.49387254901960786,0.6136363636363636
617,100,15.0,0.2,3,1,0.4950980392156863,0.6136363636363636
618,100,15.0,0.2,3,2,0.4840686274509804,0.6136363636363636
619,100,15.0,0.2,3,3,0.4877450980392157,0.6136363636363636
620,100,15.0,0.2,4,0,0.49387254901960786,0.6136363636363636
621,100,15.0,0.2,4,1,0.4877450980392157,0.6136363636363636
622,100,15.0,0.2,4,2,0.49142156862745096,0.6136363636363636
623,100,15.0,0.2,4,3,0.4803921568627451,0.6136363636363636
624,100,15.0,0.3,1,0,0.4950980392156863,0.6136363636363636
625,100,15.0,0.3,1,1,0.4877450980392157,0.6136363636363636
626,100,15.0,0.3,1,2,0.48161764705882354,0.6136363636363636
627,100,15.0,0.3,1,3,0.47671568627450983,0.6136363636363636
628,100,15.0,0.3,2,0,0.49387254901960786,0.6136363636363636
629,100,15.0,0.3,2,1,0.5036764705882353,0.6136363636363636
630,100,15.0,0.3,2,2,0.48284313725490197,0.6136363636363636
631,100,15.0,0.3,2,3,0.47671568627450983,0.6136363636363636
632,100,15.0,0.3,3,0,0.4852941176470588,0.6136363636363636
633,100,15.0,0.3,3,1,0.49142156862745096,0.6136363636363636
634,100,15.0,0.3,3,2,0.49387254901960786,0.6136363636363636
635,100,15.0,0.3,3,3,0.5036764705882353,0.6136363636363636
636,100,15.0,0.3,4,0,0.48284313725490197,0.6136363636363636
637,100,15.0,0.3,4,1,0.4791666666666667,0.6136363636363636
638,100,15.0,0.3,4,2,0.4803921568627451,0.6136363636363636
639,100,15.0,0.3,4,3,0.47671568627450983,0.6136363636363636
640,100,20.0,0.01,1,0,0.5,0.6136363636363636
641,100,20.0,0.01,1,1,0.5171568627450981,0.6136363636363636
642,100,20.0,0.01,1,2,0.49754901960784315,0.6136363636363636
643,100,20.0,0.01,1,3,0.4840686274509804,0.6136363636363636
644,100,20.0,0.01,2,0,0.4963235294117647,0.6136363636363636
645,100,20.0,0.01,2,1,0.5098039215686274,0.6136363636363636
646,100,20.0,0.01,2,2,0.5024509803921569,0.6136363636363636
647,100,20.0,0.01,2,3,0.4963235294117647,0.6136363636363636
648,100,20.0,0.01,3,0,0.4877450980392157,0.6136363636363636
649,100,20.0,0.01,3,1,0.49264705882352944,0.6136363636363636
650,100,20.0,0.01,3,2,0.47549019607843135,0.6136363636363636
651,100,20.0,0.01,3,3,0.49387254901960786,0.6136363636363636
652,100,20.0,0.01,4,0,0.49387254901960786,0.6136363636363636
653,100,20.0,0.01,4,1,0.49264705882352944,0.6136363636363636
654,100,20.0,0.01,4,2,0.48651960784313725,0.6136363636363636
655,100,20.0,0.01,4,3,0.49264705882352944,0.6136363636363636
656,100,20.0,0.1,1,0,0.4963235294117647,0.6136363636363636
657,100,20.0,0.1,1,1,0.5073529411764706,0.6136363636363636
658,100,20.0,0.1,1,2,0.4742647058823529,0.6136363636363636
659,100,20.0,0.1,1,3,0.4840686274509804,0.6136363636363636
660,100,20.0,0.1,2,0,0.5012254901960784,0.6136363636363636
661,100,20.0,0.1,2,1,0.48161764705882354,0.6136363636363636
662,100,20.0,0.1,2,2,0.4852941176470588,0.6136363636363636
663,100,20.0,0.1,2,3,0.4791666666666667,0.6136363636363636
664,100,20.0,0.1,3,0,0.4803921568627451,0.6136363636363636
665,100,20.0,0.1,3,1,0.49387254901960786,0.6136363636363636
666,100,20.0,0.1,3,2,0.48161764705882354,0.6136363636363636
667,100,20.0,0.1,3,3,0.4889705882352941,0.6136363636363636
668,100,20.0,0.1,4,0,0.4803921568627451,0.6136363636363636
669,100,20.0,0.1,4,1,0.48284313725490197,0.6136363636363636
670,100,20.0,0.1,4,2,0.48161764705882354,0.6136363636363636
671,100,20.0,0.1,4,3,0.48161764705882354,0.6136363636363636
672,100,20.0,0.2,1,0,0.49142156862745096,0.6136363636363636
673,100,20.0,0.2,1,1,0.4950980392156863,0.6136363636363636
674,100,20.0,0.2,1,2,0.4803921568627451,0.6136363636363636
675,100,20.0,0.2,1,3,0.4852941176470588,0.6136363636363636
676,100,20.0,0.2,2,0,0.5134803921568627,0.6136363636363636
677,100,20.0,0.2,2,1,0.5,0.6136363636363636
678,100,20.0,0.2,2,2,0.4840686274509804,0.6136363636363636
679,100,20.0,0.2,2,3,0.48284313725490197,0.6136363636363636
680,100,20.0,0.2,3,0,0.49387254901960786,0.6136363636363636
681,100,20.0,0.2,3,1,0.5036764705882353,0.6136363636363636
682,100,20.0,0.2,3,2,0.4950980392156863,0.6136363636363636
683,100,20.0,0.2,3,3,0.4889705882352941,0.6136363636363636
684,100,20.0,0.2,4,0,0.4877450980392157,0.6136363636363636
685,100,20.0,0.2,4,1,0.4803921568627451,0.6136363636363636
686,100,20.0,0.2,4,2,0.4840686274509804,0.6136363636363636
687,100,20.0,0.2,4,3,0.5,0.6136363636363636
688,100,20.0,0.3,1,0,0.5024509803921569,0.6136363636363636
689,100,20.0,0.3,1,1,0.4987745098039216,0.6136363636363636
690,100,20.0,0.3,1,2,0.48161764705882354,0.6136363636363636
691,100,20.0,0.3,1,3,0.47671568627450983,0.6136363636363636
692,100,20.0,0.3,2,0,0.5036764705882353,0.6136363636363636
693,100,20.0,0.3,2,1,0.4950980392156863,0.6136363636363636
694,100,20.0,0.3,2,2,0.5183823529411765,0.6136363636363636
695,100,20.0,0.3,2,3,0.47794117647058826,0.6136363636363636
696,100,20.0,0.3,3,0,0.5024509803921569,0.6136363636363636
697,100,20.0,0.3,3,1,0.4840686274509804,0.6136363636363636
698,100,20.0,0.3,3,2,0.48651960784313725,0.6136363636363636
699,100,20.0,0.3,3,3,0.4852941176470588,0.6136363636363636
700,100,20.0,0.3,4,0,0.49019607843137253,0.6136363636363636
701,100,20.0,0.3,4,1,0.48161764705882354,0.6136363636363636
702,100,20.0,0.3,4,2,0.48284313725490197,0.6136363636363636
703,100,20.0,0.3,4,3,0.49019607843137253,0.6136363636363636
704,100,,0.01,1,0,0.48284313725490197,0.6136363636363636
705,100,,0.01,1,1,0.4852941176470588,0.6136363636363636
706,100,,0.01,1,2,0.47671568627450983,0.6136363636363636
707,100,,0.01,1,3,0.48161764705882354,0.6136363636363636
708,100,,0.01,2,0,0.4742647058823529,0.6136363636363636
709,100,,0.01,2,1,0.4877450980392157,0.6136363636363636
710,100,,0.01,2,2,0.4889705882352941,0.6136363636363636
711,100,,0.01,2,3,0.49142156862745096,0.6136363636363636
712,100,,0.01,3,0,0.47671568627450983,0.6136363636363636
713,100,,0.01,3,1,0.4950980392156863,0.6136363636363636
714,100,,0.01,3,2,0.49142156862745096,0.6136363636363636
715,100,,0.01,3,3,0.49019607843137253,0.6136363636363636
716,100,,0.01,4,0,0.4889705882352941,0.6136363636363636
717,100,,0.01,4,1,0.49142156862745096,0.6136363636363636
718,100,,0.01,4,2,0.49142156862745096,0.6136363636363636
719,100,,0.01,4,3,0.4889705882352941,0.6136363636363636
720,100,,0.1,1,0,0.4889705882352941,0.6136363636363636
721,100,,0.1,1,1,0.49019607843137253,0.6136363636363636
722,100,,0.1,1,2,0.4877450980392157,0.6136363636363636
723,100,,0.1,1,3,0.48161764705882354,0.6136363636363636
724,100,,0.1,2,0,0.49142156862745096,0.6136363636363636
725,100,,0.1,2,1,0.48651960784313725,0.6136363636363636
726,100,,0.1,2,2,0.49387254901960786,0.6136363636363636
727,100,,0.1,2,3,0.47671568627450983,0.6136363636363636
728,100,,0.1,3,0,0.47794117647058826,0.6136363636363636
729,100,,0.1,3,1,0.48651960784313725,0.6136363636363636
730,100,,0.1,3,2,0.4889705882352941,0.6136363636363636
731,100,,0.1,3,3,0.4840686274509804,0.6136363636363636
732,100,,0.1,4,0,0.4852941176470588,0.6136363636363636
733,100,,0.1,4,1,0.48161764705882354,0.6136363636363636
734,100,,0.1,4,2,0.47549019607843135,0.6136363636363636
735,100,,0.1,4,3,0.4852941176470588,0.6136363636363636
736,100,,0.2,1,0,0.47794117647058826,0.6136363636363636
737,100,,0.2,1,1,0.48651960784313725,0.6136363636363636
738,100,,0.2,1,2,0.47549019607843135,0.6136363636363636
739,100,,0.2,1,3,0.46568627450980393,0.6136363636363636
740,100,,0.2,2,0,0.4803921568627451,0.6136363636363636
741,100,,0.2,2,1,0.47794117647058826,0.6136363636363636
742,100,,0.2,2,2,0.49264705882352944,0.6136363636363636
743,100,,0.2,2,3,0.48651960784313725,0.6136363636363636
744,100,,0.2,3,0,0.4963235294117647,0.6136363636363636
745,100,,0.2,3,1,0.4681372549019608,0.6136363636363636
746,100,,0.2,3,2,0.4852941176470588,0.6136363636363636
747,100,,0.2,3,3,0.48651960784313725,0.6136363636363636
748,100,,0.2,4,0,0.47549019607843135,0.6136363636363636
749,100,,0.2,4,1,0.48161764705882354,0.6136363636363636
750,100,,0.2,4,2,0.4840686274509804,0.6136363636363636
751,100,,0.2,4,3,0.4840686274509804,0.6136363636363636
752,100,,0.3,1,0,0.4889705882352941,0.6136363636363636
753,100,,0.3,1,1,0.5,0.6136363636363636
754,100,,0.3,1,2,0.4840686274509804,0.6136363636363636
755,100,,0.3,1,3,0.4840686274509804,0.6136363636363636
756,100,,0.3,2,0,0.49264705882352944,0.6136363636363636
757,100,,0.3,2,1,0.49387254901960786,0.6136363636363636
758,100,,0.3,2,2,0.47058823529411764,0.6136363636363636
759,100,,0.3,2,3,0.47794117647058826,0.6136363636363636
760,100,,0.3,3,0,0.4877450980392157,0.6136363636363636
761,100,,0.3,3,1,0.4693627450980392,0.6136363636363636
762,100,,0.3,3,2,0.4803921568627451,0.6136363636363636
763,100,,0.3,3,3,0.4852941176470588,0.6136363636363636
764,100,,0.3,4,0,0.5110294117647058,0.6136363636363636
765,100,,0.3,4,1,0.4889705882352941,0.6136363636363636
766,100,,0.3,4,2,0.47058823529411764,0.6136363636363636
767,100,,0.3,4,3,0.4791666666666667,0.6136363636363636
768,200,10.0,0.01,1,0,0.4803921568627451,0.6136363636363636
769,200,10.0,0.01,1,1,0.4791666666666667,0.6136363636363636
770,200,10.0,0.01,1,2,0.4852941176470588,0.6136363636363636
771,200,10.0,0.01,1,3,0.4877450980392157,0.6136363636363636
772,200,10.0,0.01,2,0,0.49019607843137253,0.6136363636363636
773,200,10.0,0.01,2,1,0.47181372549019607,0.6136363636363636
774,200,10.0,0.01,2,2,0.47549019607843135,0.6136363636363636
775,200,10.0,0.01,2,3,0.4852941176470588,0.6136363636363636
776,200,10.0,0.01,3,0,0.4742647058823529,0.6136363636363636
777,200,10.0,0.01,3,1,0.47671568627450983,0.6136363636363636
778,200,10.0,0.01,3,2,0.47671568627450983,0.6136363636363636
779,200,10.0,0.01,3,3,0.48161764705882354,0.6136363636363636
780,200,10.0,0.01,4,0,0.4791666666666667,0.6136363636363636
781,200,10.0,0.01,4,1,0.4877450980392157,0.6136363636363636
782,200,10.0,0.01,4,2,0.48161764705882354,0.6136363636363636
783,200,10.0,0.01,4,3,0.49019607843137253,0.6136363636363636
784,200,10.0,0.1,1,0,0.4987745098039216,0.6136363636363636
785,200,10.0,0.1,1,1,0.4877450980392157,0.6136363636363636
786,200,10.0,0.1,1,2,0.5024509803921569,0.6136363636363636
787,200,10.0,0.1,1,3,0.4840686274509804,0.6136363636363636
788,200,10.0,0.1,2,0,0.5024509803921569,0.6136363636363636
789,200,10.0,0.1,2,1,0.4877450980392157,0.6136363636363636
790,200,10.0,0.1,2,2,0.48161764705882354,0.6136363636363636
791,200,10.0,0.1,2,3,0.49264705882352944,0.6136363636363636
792,200,10.0,0.1,3,0,0.4852941176470588,0.6136363636363636
793,200,10.0,0.1,3,1,0.49264705882352944,0.6136363636363636
794,200,10.0,0.1,3,2,0.4730392156862745,0.6136363636363636
795,200,10.0,0.1,3,3,0.47671568627450983,0.6136363636363636
796,200,10.0,0.1,4,0,0.4877450980392157,0.6136363636363636
797,200,10.0,0.1,4,1,0.47671568627450983,0.6136363636363636
798,200,10.0,0.1,4,2,0.4852941176470588,0.6136363636363636
799,200,10.0,0.1,4,3,0.47549019607843135,0.6136363636363636
800,200,10.0,0.2,1,0,0.4852941176470588,0.6136363636363636
801,200,10.0,0.2,1,1,0.5,0.6136363636363636
802,200,10.0,0.2,1,2,0.4840686274509804,0.6136363636363636
803,200,10.0,0.2,1,3,0.49387254901960786,0.6136363636363636
804,200,10.0,0.2,2,0,0.5110294117647058,0.6136363636363636
805,200,10.0,0.2,2,1,0.4950980392156863,0.6136363636363636
806,200,10.0,0.2,2,2,0.4852941176470588,0.6136363636363636
807,200,10.0,0.2,2,3,0.4950980392156863,0.6136363636363636
808,200,10.0,0.2,3,0,0.4889705882352941,0.6136363636363636
809,200,10.0,0.2,3,1,0.48284313725490197,0.6136363636363636
810,200,10.0,0.2,3,2,0.47671568627450983,0.6136363636363636
811,200,10.0,0.2,3,3,0.49387254901960786,0.6136363636363636
812,200,10.0,0.2,4,0,0.4963235294117647,0.6136363636363636
813,200,10.0,0.2,4,1,0.49264705882352944,0.6136363636363636
814,200,10.0,0.2,4,2,0.49142156862745096,0.6136363636363636
815,200,10.0,0.2,4,3,0.48284313725490197,0.6136363636363636
816,200,10.0,0.3,1,0,0.5024509803921569,0.6136363636363636
817,200,10.0,0.3,1,1,0.49264705882352944,0.6136363636363636
818,200,10.0,0.3,1,2,0.4840686274509804,0.6136363636363636
819,200,10.0,0.3,1,3,0.4803921568627451,0.6136363636363636
820,200,10.0,0.3,2,0,0.508578431372549,0.6136363636363636
821,200,10.0,0.3,2,1,0.5,0.6136363636363636
822,200,10.0,0.3,2,2,0.48284313725490197,0.6136363636363636
823,200,10.0,0.3,2,3,0.49019607843137253,0.6136363636363636
824,200,10.0,0.3,3,0,0.49754901960784315,0.6136363636363636
825,200,10.0,0.3,3,1,0.4889705882352941,0.6136363636363636
826,200,10.0,0.3,3,2,0.49264705882352944,0.6136363636363636
827,200,10.0,0.3,3,3,0.47671568627450983,0.6136363636363636
828,200,10.0,0.3,4,0,0.49754901960784315,0.6136363636363636
829,200,10.0,0.3,4,1,0.4963235294117647,0.6136363636363636
830,200,10.0,0.3,4,2,0.4840686274509804,0.6136363636363636
831,200,10.0,0.3,4,3,0.48651960784313725,0.6136363636363636
832,200,15.0,0.01,1,0,0.49142156862745096,0.6136363636363636
833,200,15.0,0.01,1,1,0.4889705882352941,0.6136363636363636
834,200,15.0,0.01,1,2,0.4803921568627451,0.6136363636363636
835,200,15.0,0.01,1,3,0.48284313725490197,0.6136363636363636
836,200,15.0,0.01,2,0,0.47794117647058826,0.6136363636363636
837,200,15.0,0.01,2,1,0.4791666666666667,0.6136363636363636
838,200,15.0,0.01,2,2,0.4889705882352941,0.6136363636363636
839,200,15.0,0.01,2,3,0.48284313725490197,0.6136363636363636
840,200,15.0,0.01,3,0,0.49264705882352944,0.6136363636363636
841,200,15.0,0.01,3,1,0.49142156862745096,0.6136363636363636
842,200,15.0,0.01,3,2,0.47549019607843135,0.6136363636363636
843,200,15.0,0.01,3,3,0.4840686274509804,0.6136363636363636
844,200,15.0,0.01,4,0,0.4852941176470588,0.6136363636363636
845,200,15.0,0.01,4,1,0.48284313725490197,0.6136363636363636
846,200,15.0,0.01,4,2,0.4877450980392157,0.6136363636363636
847,200,15.0,0.01,4,3,0.4840686274509804,0.6136363636363636
848,200,15.0,0.1,1,0,0.5012254901960784,0.6136363636363636
849,200,15.0,0.1,1,1,0.48161764705882354,0.6136363636363636
850,200,15.0,0.1,1,2,0.4791666666666667,0.6136363636363636
851,200,15.0,0.1,1,3,0.4791666666666667,0.6136363636363636
852,200,15.0,0.1,2,0,0.5073529411764706,0.6136363636363636
853,200,15.0,0.1,2,1,0.4950980392156863,0.6136363636363636
854,200,15.0,0.1,2,2,0.4852941176470588,0.6136363636363636
855,200,15.0,0.1,2,3,0.5098039215686274,0.6136363636363636
856,200,15.0,0.1,3,0,0.4730392156862745,0.6136363636363636
857,200,15.0,0.1,3,1,0.47794117647058826,0.6136363636363636
858,200,15.0,0.1,3,2,0.49264705882352944,0.6136363636363636
859,200,15.0,0.1,3,3,0.48161764705882354,0.6136363636363636
860,200,15.0,0.1,4,0,0.49387254901960786,0.6136363636363636
861,200,15.0,0.1,4,1,0.4852941176470588,0.6136363636363636
862,200,15.0,0.1,4,2,0.48651960784313725,0.6136363636363636
863,200,15.0,0.1,4,3,0.4840686274509804,0.6136363636363636
864,200,15.0,0.2,1,0,0.49264705882352944,0.6136363636363636
865,200,15.0,0.2,1,1,0.48651960784313725,0.6136363636363636
866,200,15.0,0.2,1,2,0.4840686274509804,0.6136363636363636
867,200,15.0,0.2,1,3,0.4877450980392157,0.6136363636363636
868,200,15.0,0.2,2,0,0.5,0.6136363636363636
869,200,15.0,0.2,2,1,0.5049019607843137,0.6136363636363636
870,200,15.0,0.2,2,2,0.4803921568627451,0.6136363636363636
871,200,15.0,0.2,2,3,0.49264705882352944,0.6136363636363636
872,200,15.0,0.2,3,0,0.5,0.6136363636363636
873,200,15.0,0.2,3,1,0.4950980392156863,0.6136363636363636
874,200,15.0,0.2,3,2,0.4840686274509804,0.6136363636363636
875,200,15.0,0.2,3,3,0.4877450980392157,0.6136363636363636
876,200,15.0,0.2,4,0,0.49387254901960786,0.6136363636363636
877,200,15.0,0.2,4,1,0.4877450980392157,0.6136363636363636
878,200,15.0,0.2,4,2,0.49142156862745096,0.6136363636363636
879,200,15.0,0.2,4,3,0.4803921568627451,0.6136363636363636
880,200,15.0,0.3,1,0,0.49387254901960786,0.6136363636363636
881,200,15.0,0.3,1,1,0.4877450980392157,0.6136363636363636
882,200,15.0,0.3,1,2,0.48161764705882354,0.6136363636363636
883,200,15.0,0.3,1,3,0.47671568627450983,0.6136363636363636
884,200,15.0,0.3,2,0,0.4950980392156863,0.6136363636363636
885,200,15.0,0.3,2,1,0.5036764705882353,0.6136363636363636
886,200,15.0,0.3,2,2,0.48284313725490197,0.6136363636363636
887,200,15.0,0.3,2,3,0.47671568627450983,0.6136363636363636
888,200,15.0,0.3,3,0,0.49019607843137253,0.6136363636363636
889,200,15.0,0.3,3,1,0.49142156862745096,0.6136363636363636
890,200,15.0,0.3,3,2,0.49387254901960786,0.6136363636363636
891,200,15.0,0.3,3,3,0.5036764705882353,0.6136363636363636
892,200,15.0,0.3,4,0,0.4889705882352941,0.6136363636363636
893,200,15.0,0.3,4,1,0.4791666666666667,0.6136363636363636
894,200,15.0,0.3,4,2,0.4803921568627451,0.6136363636363636
895,200,15.0,0.3,4,3,0.47671568627450983,0.6136363636363636
896,200,20.0,0.01,1,0,0.4963235294117647,0.6136363636363636
897,200,20.0,0.01,1,1,0.4791666666666667,0.6136363636363636
898,200,20.0,0.01,1,2,0.49019607843137253,0.6136363636363636
899,200,20.0,0.01,1,3,0.48651960784313725,0.6136363636363636
900,200,20.0,0.01,2,0,0.4803921568627451,0.6136363636363636
901,200,20.0,0.01,2,1,0.4877450980392157,0.6136363636363636
902,200,20.0,0.01,2,2,0.48651960784313725,0.6136363636363636
903,200,20.0,0.01,2,3,0.47794117647058826,0.6136363636363636
904,200,20.0,0.01,3,0,0.49019607843137253,0.6136363636363636
905,200,20.0,0.01,3,1,0.48651960784313725,0.6136363636363636
906,200,20.0,0.01,3,2,0.4852941176470588,0.6136363636363636
907,200,20.0,0.01,3,3,0.4877450980392157,0.6136363636363636
908,200,20.0,0.01,4,0,0.49387254901960786,0.6136363636363636
909,200,20.0,0.01,4,1,0.4877450980392157,0.6136363636363636
910,200,20.0,0.01,4,2,0.4840686274509804,0.6136363636363636
911,200,20.0,0.01,4,3,0.48651960784313725,0.6136363636363636
912,200,20.0,0.1,1,0,0.508578431372549,0.6136363636363636
913,200,20.0,0.1,1,1,0.5073529411764706,0.6136363636363636
914,200,20.0,0.1,1,2,0.4742647058823529,0.6136363636363636
915,200,20.0,0.1,1,3,0.4840686274509804,0.6136363636363636
916,200,20.0,0.1,2,0,0.4987745098039216,0.6136363636363636
917,200,20.0,0.1,2,1,0.48161764705882354,0.6136363636363636
918,200,20.0,0.1,2,2,0.4852941176470588,0.6136363636363636
919,200,20.0,0.1,2,3,0.4791666666666667,0.6136363636363636
920,200,20.0,0.1,3,0,0.49142156862745096,0.6136363636363636
921,200,20.0,0.1,3,1,0.49754901960784315,0.6136363636363636
922,200,20.0,0.1,3,2,0.48161764705882354,0.6136363636363636
923,200,20.0,0.1,3,3,0.4889705882352941,0.6136363636363636
924,200,20.0,0.1,4,0,0.48651960784313725,0.6136363636363636
925,200,20.0,0.1,4,1,0.49754901960784315,0.6136363636363636
926,200,20.0,0.1,4,2,0.48161764705882354,0.6136363636363636
927,200,20.0,0.1,4,3,0.48161764705882354,0.6136363636363636
928,200,20.0,0.2,1,0,0.49754901960784315,0.6136363636363636
929,200,20.0,0.2,1,1,0.4950980392156863,0.6136363636363636
930,200,20.0,0.2,1,2,0.4803921568627451,0.6136363636363636
931,200,20.0,0.2,1,3,0.4852941176470588,0.6136363636363636
932,200,20.0,0.2,2,0,0.508578431372549,0.6136363636363636
933,200,20.0,0.2,2,1,0.5,0.6136363636363636
934,200,20.0,0.2,2,2,0.4840686274509804,0.6136363636363636
935,200,20.0,0.2,2,3,0.48284313725490197,0.6136363636363636
936,200,20.0,0.2,3,0,0.5,0.6136363636363636
937,200,20.0,0.2,3,1,0.5036764705882353,0.6136363636363636
938,200,20.0,0.2,3,2,0.4950980392156863,0.6136363636363636
939,200,20.0,0.2,3,3,0.4889705882352941,0.6136363636363636
940,200,20.0,0.2,4,0,0.49754901960784315,0.6136363636363636
941,200,20.0,0.2,4,1,0.4803921568627451,0.6136363636363636
942,200,20.0,0.2,4,2,0.4840686274509804,0.6136363636363636
943,200,20.0,0.2,4,3,0.5,0.6136363636363636
944,200,20.0,0.3,1,0,0.508578431372549,0.6136363636363636
945,200,20.0,0.3,1,1,0.4987745098039216,0.6136363636363636
946,200,20.0,0.3,1,2,0.48161764705882354,0.6136363636363636
947,200,20.0,0.3,1,3,0.47671568627450983,0.6136363636363636
948,200,20.0,0.3,2,0,0.5012254901960784,0.6136363636363636
949,200,20.0,0.3,2,1,0.4950980392156863,0.6136363636363636
950,200,20.0,0.3,2,2,0.5183823529411765,0.6136363636363636
951,200,20.0,0.3,2,3,0.47794117647058826,0.6136363636363636
952,200,20.0,0.3,3,0,0.5122549019607843,0.6136363636363636
953,200,20.0,0.3,3,1,0.4840686274509804,0.6136363636363636
954,200,20.0,0.3,3,2,0.48651960784313725,0.6136363636363636
955,200,20.0,0.3,3,3,0.4852941176470588,0.6136363636363636
956,200,20.0,0.3,4,0,0.5049019607843137,0.6136363636363636
957,200,20.0,0.3,4,1,0.48161764705882354,0.6136363636363636
958,200,20.0,0.3,4,2,0.48284313725490197,0.6136363636363636
959,200,20.0,0.3,4,3,0.49019607843137253,0.6136363636363636
960,200,,0.01,1,0,0.4840686274509804,0.6136363636363636
961,200,,0.01,1,1,0.4840686274509804,0.6136363636363636
962,200,,0.01,1,2,0.4852941176470588,0.6136363636363636
963,200,,0.01,1,3,0.48651960784313725,0.6136363636363636
964,200,,0.01,2,0,0.48284313725490197,0.6136363636363636
965,200,,0.01,2,1,0.48651960784313725,0.6136363636363636
966,200,,0.01,2,2,0.4877450980392157,0.6136363636363636
967,200,,0.01,2,3,0.48651960784313725,0.6136363636363636
968,200,,0.01,3,0,0.4803921568627451,0.6136363636363636
969,200,,0.01,3,1,0.49019607843137253,0.6136363636363636
970,200,,0.01,3,2,0.4889705882352941,0.6136363636363636
971,200,,0.01,3,3,0.4852941176470588,0.6136363636363636
972,200,,0.01,4,0,0.4889705882352941,0.6136363636363636
973,200,,0.01,4,1,0.4889705882352941,0.6136363636363636
974,200,,0.01,4,2,0.49142156862745096,0.6136363636363636
975,200,,0.01,4,3,0.48161764705882354,0.6136363636363636
976,200,,0.1,1,0,0.4852941176470588,0.6136363636363636
977,200,,0.1,1,1,0.4840686274509804,0.6136363636363636
978,200,,0.1,1,2,0.4877450980392157,0.6136363636363636
979,200,,0.1,1,3,0.48161764705882354,0.6136363636363636
980,200,,0.1,2,0,0.4889705882352941,0.6136363636363636
981,200,,0.1,2,1,0.48651960784313725,0.6136363636363636
982,200,,0.1,2,2,0.49387254901960786,0.6136363636363636
983,200,,0.1,2,3,0.47671568627450983,0.6136363636363636
984,200,,0.1,3,0,0.4730392156862745,0.6136363636363636
985,200,,0.1,3,1,0.4852941176470588,0.6136363636363636
986,200,,0.1,3,2,0.4889705882352941,0.6136363636363636
987,200,,0.1,3,3,0.4840686274509804,0.6136363636363636
988,200,,0.1,4,0,0.47181372549019607,0.6136363636363636
989,200,,0.1,4,1,0.49387254901960786,0.6136363636363636
990,200,,0.1,4,2,0.47549019607843135,0.6136363636363636
991,200,,0.1,4,3,0.4852941176470588,0.6136363636363636
992,200,,0.2,1,0,0.48651960784313725,0.6136363636363636
993,200,,0.2,1,1,0.48651960784313725,0.6136363636363636
994,200,,0.2,1,2,0.47549019607843135,0.6136363636363636
995,200,,0.2,1,3,0.46568627450980393,0.6136363636363636
996,200,,0.2,2,0,0.4852941176470588,0.6136363636363636
997,200,,0.2,2,1,0.47671568627450983,0.6136363636363636
998,200,,0.2,2,2,0.49264705882352944,0.6136363636363636
999,200,,0.2,2,3,0.48651960784313725,0.6136363636363636
1000,200,,0.2,3,0,0.48651960784313725,0.6136363636363636
1001,200,,0.2,3,1,0.4681372549019608,0.6136363636363636
1002,200,,0.2,3,2,0.4852941176470588,0.6136363636363636
1003,200,,0.2,3,3,0.48651960784313725,0.6136363636363636
1004,200,,0.2,4,0,0.4963235294117647,0.6136363636363636
1005,200,,0.2,4,1,0.4840686274509804,0.6136363636363636
1006,200,,0.2,4,2,0.4840686274509804,0.6136363636363636
1007,200,,0.2,4,3,0.4840686274509804,0.6136363636363636
1008,200,,0.3,1,0,0.5098039215686274,0.6136363636363636
1009,200,,0.3,1,1,0.5,0.6136363636363636
1010,200,,0.3,1,2,0.4840686274509804,0.6136363636363636
1011,200,,0.3,1,3,0.4840686274509804,0.6136363636363636
1012,200,,0.3,2,0,0.5012254901960784,0.6136363636363636
1013,200,,0.3,2,1,0.49387254901960786,0.6136363636363636
1014,200,,0.3,2,2,0.47058823529411764,0.6136363636363636
1015,200,,0.3,2,3,0.47794117647058826,0.6136363636363636
1016,200,,0.3,3,0,0.49142156862745096,0.6136363636363636
1017,200,,0.3,3,1,0.4693627450980392,0.6136363636363636
1018,200,,0.3,3,2,0.4803921568627451,0.6136363636363636
1019,200,,0.3,3,3,0.4852941176470588,0.6136363636363636
1020,200,,0.3,4,0,0.4963235294117647,0.6136363636363636
1021,200,,0.3,4,1,0.4889705882352941,0.6136363636363636
1022,200,,0.3,4,2,0.47058823529411764,0.6136363636363636
1023,200,,0.3,4,3,0.4791666666666667,0.6136363636363636
